{"sentiment":0.36858917725553,"good":0.5333333333333333,"bad":0.4,"avg":0.06666666666666667}